Workbook

Sheet prelim
A6: Panpacific University
A7: Campus
A8: SCHOOL OF URDANETA CITY
P9: PanpacificU-AO-Form-03-RevisionStatus/Date:01/20January2025
A10: COURSE TITLE: Celestial Navigation_Nav 254
A11: PROGRAM & SECTION: BSMT2B
A12: Student No. | B12: NAME | C12: LABORATORY | S12: LECTURE GRADE | T12: PRELIM GRADE | U12: REMARKS
C13: CLASS STANDING | P13: EXAMINATION
C14: ASSIGNMENT/QUIZZES/ACTIVITIES/ CLASS PARTICIPATION | P14: Prelim Exam
M15: T | N15: E | O15: Weight % | P15: T | Q15: E | R15: Weight %
M16: =SUM(C16:L16) -> 0 | N16: % | O16: 0.6 | Q16: % | R16: 0.4
M17: =SUM(C17:L17) -> 0 | N17: =IF(OR(M17="",$O$16=""),"",IF(M17>=$M$16/2,ROUND(100+(50*(M17-$M$16))/$M$16,0),ROUND(75+(20*(M17-$M$16/2)/$M$16),0))) -> #DIV/0! | O17: =IFERROR((N17*$O$16),0) -> 0 | Q17: =IF(OR(P17="",$P$16=""),"",IF(P17>=$P$16/2,ROUND(100+(50*(P17-$P$16))/$P$16,0),ROUND(75+(20*(P17-$P$16/2)/$P$16),0))) | R17: =IFERROR((Q17*0.4)," ") | S17: =IFERROR((O17+R17),"") | T17: =IF(S17="","",ROUND(S17,0)) | U17: =IF((T17<=74),"F","P") -> P
M18: =SUM(C18:L18) -> 0 | N18: =IF(OR(M18="",$O$16=""),"",IF(M18>=$M$16/2,ROUND(100+(50*(M18-$M$16))/$M$16,0),ROUND(75+(20*(M18-$M$16/2)/$M$16),0))) -> #DIV/0! | O18: =IFERROR((N18*$O$16),0) -> 0 | Q18: =IF(OR(P18="",$P$16=""),"",IF(P18>=$P$16/2,ROUND(100+(50*(P18-$P$16))/$P$16,0),ROUND(75+(20*(P18-$P$16/2)/$P$16),0))) | R18: =IFERROR((Q18*0.4)," ") | S18: =IFERROR((O18+R18),"") | T18: =IF(S18="","",ROUND(S18,0)) | U18: =IF((T18<=74),"F","P") -> P
M19: =SUM(C19:L19) -> 0 | N19: =IF(OR(M19="",$O$16=""),"",IF(M19>=$M$16/2,ROUND(100+(50*(M19-$M$16))/$M$16,0),ROUND(75+(20*(M19-$M$16/2)/$M$16),0))) -> #DIV/0! | O19: =IFERROR((N19*$O$16),0) -> 0 | Q19: =IF(OR(P19="",$P$16=""),"",IF(P19>=$P$16/2,ROUND(100+(50*(P19-$P$16))/$P$16,0),ROUND(75+(20*(P19-$P$16/2)/$P$16),0))) | R19: =IFERROR((Q19*0.4)," ") | S19: =IFERROR((O19+R19),"") | T19: =IF(S19="","",ROUND(S19,0)) | U19: =IF((T19<=74),"F","P") -> P
M20: =SUM(C20:L20) -> 0 | N20: =IF(OR(M20="",$O$16=""),"",IF(M20>=$M$16/2,ROUND(100+(50*(M20-$M$16))/$M$16,0),ROUND(75+(20*(M20-$M$16/2)/$M$16),0))) -> #DIV/0! | O20: =IFERROR((N20*$O$16),0) -> 0 | Q20: =IF(OR(P20="",$P$16=""),"",IF(P20>=$P$16/2,ROUND(100+(50*(P20-$P$16))/$P$16,0),ROUND(75+(20*(P20-$P$16/2)/$P$16),0))) | R20: =IFERROR((Q20*0.4)," ") | S20: =IFERROR((O20+R20),"") | T20: =IF(S20="","",ROUND(S20,0)) | U20: =IF((T20<=74),"F","P") -> P
M21: =SUM(C21:L21) -> 0 | N21: =IF(OR(M21="",$O$16=""),"",IF(M21>=$M$16/2,ROUND(100+(50*(M21-$M$16))/$M$16,0),ROUND(75+(20*(M21-$M$16/2)/$M$16),0))) -> #DIV/0! | O21: =IFERROR((N21*$O$16),0) -> 0 | Q21: =IF(OR(P21="",$P$16=""),"",IF(P21>=$P$16/2,ROUND(100+(50*(P21-$P$16))/$P$16,0),ROUND(75+(20*(P21-$P$16/2)/$P$16),0))) | R21: =IFERROR((Q21*0.4)," ") | S21: =IFERROR((O21+R21),"") | T21: =IF(S21="","",ROUND(S21,0)) | U21: =IF((T21<=74),"F","P") -> P
M22: =SUM(C22:L22) -> 0 | N22: =IF(OR(M22="",$O$16=""),"",IF(M22>=$M$16/2,ROUND(100+(50*(M22-$M$16))/$M$16,0),ROUND(75+(20*(M22-$M$16/2)/$M$16),0))) -> #DIV/0! | O22: =IFERROR((N22*$O$16),0) -> 0 | Q22: =IF(OR(P22="",$P$16=""),"",IF(P22>=$P$16/2,ROUND(100+(50*(P22-$P$16))/$P$16,0),ROUND(75+(20*(P22-$P$16/2)/$P$16),0))) | R22: =IFERROR((Q22*0.4)," ") | S22: =IFERROR((O22+R22),"") | T22: =IF(S22="","",ROUND(S22,0)) | U22: =IF((T22<=74),"F","P") -> P
M23: =SUM(C23:L23) -> 0 | N23: =IF(OR(M23="",$O$16=""),"",IF(M23>=$M$16/2,ROUND(100+(50*(M23-$M$16))/$M$16,0),ROUND(75+(20*(M23-$M$16/2)/$M$16),0))) -> #DIV/0! | O23: =IFERROR((N23*$O$16),0) -> 0 | Q23: =IF(OR(P23="",$P$16=""),"",IF(P23>=$P$16/2,ROUND(100+(50*(P23-$P$16))/$P$16,0),ROUND(75+(20*(P23-$P$16/2)/$P$16),0))) | R23: =IFERROR((Q23*0.4)," ") | S23: =IFERROR((O23+R23),"") | T23: =IF(S23="","",ROUND(S23,0)) | U23: =IF((T23<=74),"F","P") -> P
M24: =SUM(C24:L24) -> 0 | N24: =IF(OR(M24="",$O$16=""),"",IF(M24>=$M$16/2,ROUND(100+(50*(M24-$M$16))/$M$16,0),ROUND(75+(20*(M24-$M$16/2)/$M$16),0))) -> #DIV/0! | O24: =IFERROR((N24*$O$16),0) -> 0 | Q24: =IF(OR(P24="",$P$16=""),"",IF(P24>=$P$16/2,ROUND(100+(50*(P24-$P$16))/$P$16,0),ROUND(75+(20*(P24-$P$16/2)/$P$16),0))) | R24: =IFERROR((Q24*0.4)," ") | S24: =IFERROR((O24+R24),"") | T24: =IF(S24="","",ROUND(S24,0)) | U24: =IF((T24<=74),"F","P") -> P
M25: =SUM(C25:L25) -> 0 | N25: =IF(OR(M25="",$O$16=""),"",IF(M25>=$M$16/2,ROUND(100+(50*(M25-$M$16))/$M$16,0),ROUND(75+(20*(M25-$M$16/2)/$M$16),0))) -> #DIV/0! | O25: =IFERROR((N25*$O$16),0) -> 0 | Q25: =IF(OR(P25="",$P$16=""),"",IF(P25>=$P$16/2,ROUND(100+(50*(P25-$P$16))/$P$16,0),ROUND(75+(20*(P25-$P$16/2)/$P$16),0))) | R25: =IFERROR((Q25*0.4)," ") | S25: =IFERROR((O25+R25),"") | T25: =IF(S25="","",ROUND(S25,0)) | U25: =IF((T25<=74),"F","P") -> P
M26: =SUM(C26:L26) -> 0 | N26: =IF(OR(M26="",$O$16=""),"",IF(M26>=$M$16/2,ROUND(100+(50*(M26-$M$16))/$M$16,0),ROUND(75+(20*(M26-$M$16/2)/$M$16),0))) -> #DIV/0! | O26: =IFERROR((N26*$O$16),0) -> 0 | Q26: =IF(OR(P26="",$P$16=""),"",IF(P26>=$P$16/2,ROUND(100+(50*(P26-$P$16))/$P$16,0),ROUND(75+(20*(P26-$P$16/2)/$P$16),0))) | R26: =IFERROR((Q26*0.4)," ") | S26: =IFERROR((O26+R26),"") | T26: =IF(S26="","",ROUND(S26,0)) | U26: =IF((T26<=74),"F","P") -> P
M27: =SUM(C27:L27) -> 0 | N27: =IF(OR(M27="",$O$16=""),"",IF(M27>=$M$16/2,ROUND(100+(50*(M27-$M$16))/$M$16,0),ROUND(75+(20*(M27-$M$16/2)/$M$16),0))) -> #DIV/0! | O27: =IFERROR((N27*$O$16),0) -> 0 | Q27: =IF(OR(P27="",$P$16=""),"",IF(P27>=$P$16/2,ROUND(100+(50*(P27-$P$16))/$P$16,0),ROUND(75+(20*(P27-$P$16/2)/$P$16),0))) | R27: =IFERROR((Q27*0.4)," ") | S27: =IFERROR((O27+R27),"") | T27: =IF(S27="","",ROUND(S27,0)) | U27: =IF((T27<=74),"F","P") -> P
M28: =SUM(C28:L28) -> 0 | N28: =IF(OR(M28="",$O$16=""),"",IF(M28>=$M$16/2,ROUND(100+(50*(M28-$M$16))/$M$16,0),ROUND(75+(20*(M28-$M$16/2)/$M$16),0))) -> #DIV/0! | O28: =IFERROR((N28*$O$16),0) -> 0 | Q28: =IF(OR(P28="",$P$16=""),"",IF(P28>=$P$16/2,ROUND(100+(50*(P28-$P$16))/$P$16,0),ROUND(75+(20*(P28-$P$16/2)/$P$16),0))) | R28: =IFERROR((Q28*0.4)," ") | S28: =IFERROR((O28+R28),"") | T28: =IF(S28="","",ROUND(S28,0)) | U28: =IF((T28<=74),"F","P") -> P
... M56: =SUM(C56:L56) -> 0 | N56: =IF(OR(M56="",$O$16=""),"",IF(M56>=$M$16/2,ROUND(100+(50*(M56-$M$16))/$M$16,0),ROUND(75+(20*(M56-$M$16/2)/$M$16),0))) -> #DIV/0! | O56: =IFERROR((N56*$O$16),0) -> 0 | Q56: =IF(OR(P56="",$P$16=""),"",IF(P56>=$P$16/2,ROUND(100+(50*(P56-$P$16))/$P$16,0),ROUND(75+(20*(P56-$P$16/2)/$P$16),0))) | R56: =IFERROR((Q56*0.4)," ") | S56: =IFERROR((O56+R56),"") | T56: =IF(S56="","",ROUND(S56,0)) | U56: =IF((T56<=74),"F","P") -> P
M57: =SUM(C57:L57) -> 0 | N57: =IF(OR(M57="",$O$16=""),"",IF(M57>=$M$16/2,ROUND(100+(50*(M57-$M$16))/$M$16,0),ROUND(75+(20*(M57-$M$16/2)/$M$16),0))) -> #DIV/0! | O57: =IFERROR((N57*$O$16),0) -> 0
B58: Submitted by: | K58: Reviewed by:
B59: Rhenier S. Seril | K59: Jomer D. Pascua, MM
B61: FACULTY, (PUMMA) | K61: Dean PUMMA
B63: Note:
C64: Do not edit the cell in green highlighted

Sheet midterm
A6: Panpacific University
A7: Campus
A8: SCHOOL OF URDANETA CITY
P9: PanpacificU-AO-Form-03-RevisionStatus/Date:01/20January2025
A10: COURSE TITLE: Celestial Navigation_Nav 254
A11: PROGRAM & SECTION: BSMT2B
A12: Student No. | B12: Name | C12: LABORATORY | S12: LECTURE GRADE | T12: PRELIM GRADE | U12: REMARKS
C13: CLASS STANDING | P13: EXAMINATION
C14: ASSIGNMENT/QUIZZES/ACTIVITIES/ CLASS PARTICIPATION | P14: Midterm Exam
M15: T | N15: E | O15: Weight % | P15: T | Q15: E | R15: Weight %
M16: =SUM(C16:L16) -> 0 | N16: % | O16: 0.6 | Q16: % | R16: 0.4
A17: =prelim!A17 -> 0 | B17: =prelim!B17 -> 0 | M17: =SUM(C17:L17) -> 0 | N17: =IF(OR(M17="",$O$16=""),"",IF(M17>=$M$16/2,ROUND(100+(50*(M17-$M$16))/$M$16,0),ROUND(75+(20*(M17-$M$16/2)/$M$16),0))) -> #DIV/0! | O17: =IFERROR((N17*$O$16),0) -> 0 | Q17: =IF(OR(P17="",$P$16=""),"",IF(P17>=$P$16/2,ROUND(100+(50*(P17-$P$16))/$P$16,0),ROUND(75+(20*(P17-$P$16/2)/$P$16),0))) | R17: =IFERROR((Q17*0.4)," ") | S17: =IFERROR((O17+R17),"") | T17: =IF(S17="","",ROUND(S17,0)) | U17: =IF((T17<=74),"F","P") -> P
A18: =prelim!A18 -> 0 | B18: =prelim!B18 -> 0 | M18: =SUM(C18:L18) -> 0 | N18: =IF(OR(M18="",$O$16=""),"",IF(M18>=$M$16/2,ROUND(100+(50*(M18-$M$16))/$M$16,0),ROUND(75+(20*(M18-$M$16/2)/$M$16),0))) -> #DIV/0! | O18: =IFERROR((N18*$O$16),0) -> 0 | Q18: =IF(OR(P18="",$P$16=""),"",IF(P18>=$P$16/2,ROUND(100+(50*(P18-$P$16))/$P$16,0),ROUND(75+(20*(P18-$P$16/2)/$P$16),0))) | R18: =IFERROR((Q18*0.4)," ") | S18: =IFERROR((O18+R18),"") | T18: =IF(S18="","",ROUND(S18,0)) | U18: =IF((T18<=74),"F","P") -> P
A19: =prelim!A19 -> 0 | B19: =prelim!B19 -> 0 | M19: =SUM(C19:L19) -> 0 | N19: =IF(OR(M19="",$O$16=""),"",IF(M19>=$M$16/2,ROUND(100+(50*(M19-$M$16))/$M$16,0),ROUND(75+(20*(M19-$M$16/2)/$M$16),0))) -> #DIV/0! | O19: =IFERROR((N19*$O$16),0) -> 0 | Q19: =IF(OR(P19="",$P$16=""),"",IF(P19>=$P$16/2,ROUND(100+(50*(P19-$P$16))/$P$16,0),ROUND(75+(20*(P19-$P$16/2)/$P$16),0))) | R19: =IFERROR((Q19*0.4)," ") | S19: =IFERROR((O19+R19),"") | T19: =IF(S19="","",ROUND(S19,0)) | U19: =IF((T19<=74),"F","P") -> P
A20: =prelim!A20 -> 0 | B20: =prelim!B20 -> 0 | M20: =SUM(C20:L20) -> 0 | N20: =IF(OR(M20="",$O$16=""),"",IF(M20>=$M$16/2,ROUND(100+(50*(M20-$M$16))/$M$16,0),ROUND(75+(20*(M20-$M$16/2)/$M$16),0))) -> #DIV/0! | O20: =IFERROR((N20*$O$16),0) -> 0 | Q20: =IF(OR(P20="",$P$16=""),"",IF(P20>=$P$16/2,ROUND(100+(50*(P20-$P$16))/$P$16,0),ROUND(75+(20*(P20-$P$16/2)/$P$16),0))) | R20: =IFERROR((Q20*0.4)," ") | S20: =IFERROR((O20+R20),"") | T20: =IF(S20="","",ROUND(S20,0)) | U20: =IF((T20<=74),"F","P") -> P
A21: =prelim!A21 -> 0 | B21: =prelim!B21 -> 0 | M21: =SUM(C21:L21) -> 0 | N21: =IF(OR(M21="",$O$16=""),"",IF(M21>=$M$16/2,ROUND(100+(50*(M21-$M$16))/$M$16,0),ROUND(75+(20*(M21-$M$16/2)/$M$16),0))) -> #DIV/0! | O21: =IFERROR((N21*$O$16),0) -> 0 | Q21: =IF(OR(P21="",$P$16=""),"",IF(P21>=$P$16/2,ROUND(100+(50*(P21-$P$16))/$P$16,0),ROUND(75+(20*(P21-$P$16/2)/$P$16),0))) | R21: =IFERROR((Q21*0.4)," ") | S21: =IFERROR((O21+R21),"") | T21: =IF(S21="","",ROUND(S21,0)) | U21: =IF((T21<=74),"F","P") -> P
A22: =prelim!A22 -> 0 | B22: =prelim!B22 -> 0 | M22: =SUM(C22:L22) -> 0 | N22: =IF(OR(M22="",$O$16=""),"",IF(M22>=$M$16/2,ROUND(100+(50*(M22-$M$16))/$M$16,0),ROUND(75+(20*(M22-$M$16/2)/$M$16),0))) -> #DIV/0! | O22: =IFERROR((N22*$O$16),0) -> 0 | Q22: =IF(OR(P22="",$P$16=""),"",IF(P22>=$P$16/2,ROUND(100+(50*(P22-$P$16))/$P$16,0),ROUND(75+(20*(P22-$P$16/2)/$P$16),0))) | R22: =IFERROR((Q22*0.4)," ") | S22: =IFERROR((O22+R22),"") | T22: =IF(S22="","",ROUND(S22,0)) | U22: =IF((T22<=74),"F","P") -> P
A23: =prelim!A23 -> 0 | B23: =prelim!B23 -> 0 | M23: =SUM(C23:L23) -> 0 | N23: =IF(OR(M23="",$O$16=""),"",IF(M23>=$M$16/2,ROUND(100+(50*(M23-$M$16))/$M$16,0),ROUND(75+(20*(M23-$M$16/2)/$M$16),0))) -> #DIV/0! | O23: =IFERROR((N23*$O$16),0) -> 0 | Q23: =IF(OR(P23="",$P$16=""),"",IF(P23>=$P$16/2,ROUND(100+(50*(P23-$P$16))/$P$16,0),ROUND(75+(20*(P23-$P$16/2)/$P$16),0))) | R23: =IFERROR((Q23*0.4)," ") | S23: =IFERROR((O23+R23),"") | T23: =IF(S23="","",ROUND(S23,0)) | U23: =IF((T23<=74),"F","P") -> P
A24: =prelim!A24 -> 0 | B24: =prelim!B24 -> 0 | M24: =SUM(C24:L24) -> 0 | N24: =IF(OR(M24="",$O$16=""),"",IF(M24>=$M$16/2,ROUND(100+(50*(M24-$M$16))/$M$16,0),ROUND(75+(20*(M24-$M$16/2)/$M$16),0))) -> #DIV/0! | O24: =IFERROR((N24*$O$16),0) -> 0 | Q24: =IF(OR(P24="",$P$16=""),"",IF(P24>=$P$16/2,ROUND(100+(50*(P24-$P$16))/$P$16,0),ROUND(75+(20*(P24-$P$16/2)/$P$16),0))) | R24: =IFERROR((Q24*0.4)," ") | S24: =IFERROR((O24+R24),"") | T24: =IF(S24="","",ROUND(S24,0)) | U24: =IF((T24<=74),"F","P") -> P
A25: =prelim!A25 -> 0 | B25: =prelim!B25 -> 0 | M25: =SUM(C25:L25) -> 0 | N25: =IF(OR(M25="",$O$16=""),"",IF(M25>=$M$16/2,ROUND(100+(50*(M25-$M$16))/$M$16,0),ROUND(75+(20*(M25-$M$16/2)/$M$16),0))) -> #DIV/0! | O25: =IFERROR((N25*$O$16),0) -> 0 | Q25: =IF(OR(P25="",$P$16=""),"",IF(P25>=$P$16/2,ROUND(100+(50*(P25-$P$16))/$P$16,0),ROUND(75+(20*(P25-$P$16/2)/$P$16),0))) | R25: =IFERROR((Q25*0.4)," ") | S25: =IFERROR((O25+R25),"") | T25: =IF(S25="","",ROUND(S25,0)) | U25: =IF((T25<=74),"F","P") -> P
A26: =prelim!A26 -> 0 | B26: =prelim!B26 -> 0 | M26: =SUM(C26:L26) -> 0 | N26: =IF(OR(M26="",$O$16=""),"",IF(M26>=$M$16/2,ROUND(100+(50*(M26-$M$16))/$M$16,0),ROUND(75+(20*(M26-$M$16/2)/$M$16),0))) -> #DIV/0! | O26: =IFERROR((N26*$O$16),0) -> 0 | Q26: =IF(OR(P26="",$P$16=""),"",IF(P26>=$P$16/2,ROUND(100+(50*(P26-$P$16))/$P$16,0),ROUND(75+(20*(P26-$P$16/2)/$P$16),0))) | R26: =IFERROR((Q26*0.4)," ") | S26: =IFERROR((O26+R26),"") | T26: =IF(S26="","",ROUND(S26,0)) | U26: =IF((T26<=74),"F","P") -> P
A27: =prelim!A27 -> 0 | B27: =prelim!B27 -> 0 | M27: =SUM(C27:L27) -> 0 | N27: =IF(OR(M27="",$O$16=""),"",IF(M27>=$M$16/2,ROUND(100+(50*(M27-$M$16))/$M$16,0),ROUND(75+(20*(M27-$M$16/2)/$M$16),0))) -> #DIV/0! | O27: =IFERROR((N27*$O$16),0) -> 0 | Q27: =IF(OR(P27="",$P$16=""),"",IF(P27>=$P$16/2,ROUND(100+(50*(P27-$P$16))/$P$16,0),ROUND(75+(20*(P27-$P$16/2)/$P$16),0))) | R27: =IFERROR((Q27*0.4)," ") | S27: =IFERROR((O27+R27),"") | T27: =IF(S27="","",ROUND(S27,0)) | U27: =IF((T27<=74),"F","P") -> P
A28: =prelim!A28 -> 0 | B28: =prelim!B28 -> 0 | M28: =SUM(C28:L28) -> 0 | N28: =IF(OR(M28="",$O$16=""),"",IF(M28>=$M$16/2,ROUND(100+(50*(M28-$M$16))/$M$16,0),ROUND(75+(20*(M28-$M$16/2)/$M$16),0))) -> #DIV/0! | O28: =IFERROR((N28*$O$16),0) -> 0 | Q28: =IF(OR(P28="",$P$16=""),"",IF(P28>=$P$16/2,ROUND(100+(50*(P28-$P$16))/$P$16,0),ROUND(75+(20*(P28-$P$16/2)/$P$16),0))) | R28: =IFERROR((Q28*0.4)," ") | S28: =IFERROR((O28+R28),"") | T28: =IF(S28="","",ROUND(S28,0)) | U28: =IF((T28<=74),"F","P") -> P
... A56: =prelim!A56 -> 0 | B56: =prelim!B56 -> 0 | M56: =SUM(C56:L56) -> 0 | N56: =IF(OR(M56="",$O$16=""),"",IF(M56>=$M$16/2,ROUND(100+(50*(M56-$M$16))/$M$16,0),ROUND(75+(20*(M56-$M$16/2)/$M$16),0))) -> #DIV/0! | O56: =IFERROR((N56*$O$16),0) -> 0 | Q56: =IF(OR(P56="",$P$16=""),"",IF(P56>=$P$16/2,ROUND(100+(50*(P56-$P$16))/$P$16,0),ROUND(75+(20*(P56-$P$16/2)/$P$16),0))) | R56: =IFERROR((Q56*0.4)," ") | S56: =IFERROR((O56+R56),"") | T56: =IF(S56="","",ROUND(S56,0)) | U56: =IF((T56<=74),"F","P") -> P
B58: Submitted by: | K58: Reviewed by:
B59: Rhenier S. Seril | K59: Jomer D. Pascua, MM
B61: FACULTY, (PUMMA) | K61: Dean PUMMA
B63: Note:
C64: Do not edit the cell in green highlighted

Sheet semi-final
A6: Panpacific University
A7: Campus
A8: SCHOOL OF URDANETA CITY
P9: PanpacificU-AO-Form-03-RevisionStatus/Date:01/20January2025
A10: COURSE TITLE: Celestial Navigation_Nav 254
A11: PROGRAM & SECTION: BSMT2B
A12: Student No. | B12: Name | C12: LABORATORY | S12: LECTURE GRADE | T12: PRELIM GRADE | U12: REMARKS
C13: CLASS STANDING | P13: EXAMINATION
C14: ASSIGNMENT/QUIZZES/ACTIVITIES/ CLASS PARTICIPATION | P14: Semi-Final Exam
M15: T | N15: E | O15: Weight % | P15: T | Q15: E | R15: Weight %
M16: =SUM(C16:L16) -> 0 | N16: % | O16: 0.6 | Q16: % | R16: 0.4
A17: =prelim!A17 -> 0 | B17: =prelim!B17 -> 0 | M17: =SUM(C17:L17) -> 0 | N17: =IF(OR(M17="",$O$16=""),"",IF(M17>=$M$16/2,ROUND(100+(50*(M17-$M$16))/$M$16,0),ROUND(75+(20*(M17-$M$16/2)/$M$16),0))) -> #DIV/0! | O17: =IFERROR((N17*$O$16),0) -> 0 | Q17: =IF(OR(P17="",$P$16=""),"",IF(P17>=$P$16/2,ROUND(100+(50*(P17-$P$16))/$P$16,0),ROUND(75+(20*(P17-$P$16/2)/$P$16),0))) | R17: =IFERROR((Q17*0.4)," ") | S17: =IFERROR((O17+R17),"") | T17: =IF(S17="","",ROUND(S17,0)) | U17: =IF((T17<=74),"F","P") -> P
A18: =prelim!A18 -> 0 | B18: =prelim!B18 -> 0 | M18: =SUM(C18:L18) -> 0 | N18: =IF(OR(M18="",$O$16=""),"",IF(M18>=$M$16/2,ROUND(100+(50*(M18-$M$16))/$M$16,0),ROUND(75+(20*(M18-$M$16/2)/$M$16),0))) -> #DIV/0! | O18: =IFERROR((N18*$O$16),0) -> 0 | Q18: =IF(OR(P18="",$P$16=""),"",IF(P18>=$P$16/2,ROUND(100+(50*(P18-$P$16))/$P$16,0),ROUND(75+(20*(P18-$P$16/2)/$P$16),0))) | R18: =IFERROR((Q18*0.4)," ") | S18: =IFERROR((O18+R18),"") | T18: =IF(S18="","",ROUND(S18,0)) | U18: =IF((T18<=74),"F","P") -> P
A19: =prelim!A19 -> 0 | B19: =prelim!B19 -> 0 | M19: =SUM(C19:L19) -> 0 | N19: =IF(OR(M19="",$O$16=""),"",IF(M19>=$M$16/2,ROUND(100+(50*(M19-$M$16))/$M$16,0),ROUND(75+(20*(M19-$M$16/2)/$M$16),0))) -> #DIV/0! | O19: =IFERROR((N19*$O$16),0) -> 0 | Q19: =IF(OR(P19="",$P$16=""),"",IF(P19>=$P$16/2,ROUND(100+(50*(P19-$P$16))/$P$16,0),ROUND(75+(20*(P19-$P$16/2)/$P$16),0))) | R19: =IFERROR((Q19*0.4)," ") | S19: =IFERROR((O19+R19),"") | T19: =IF(S19="","",ROUND(S19,0)) | U19: =IF((T19<=74),"F","P") -> P
A20: =prelim!A20 -> 0 | B20: =prelim!B20 -> 0 | M20: =SUM(C20:L20) -> 0 | N20: =IF(OR(M20="",$O$16=""),"",IF(M20>=$M$16/2,ROUND(100+(50*(M20-$M$16))/$M$16,0),ROUND(75+(20*(M20-$M$16/2)/$M$16),0))) -> #DIV/0! | O20: =IFERROR((N20*$O$16),0) -> 0 | Q20: =IF(OR(P20="",$P$16=""),"",IF(P20>=$P$16/2,ROUND(100+(50*(P20-$P$16))/$P$16,0),ROUND(75+(20*(P20-$P$16/2)/$P$16),0))) | R20: =IFERROR((Q20*0.4)," ") | S20: =IFERROR((O20+R20),"") | T20: =IF(S20="","",ROUND(S20,0)) | U20: =IF((T20<=74),"F","P") -> P
A21: =prelim!A21 -> 0 | B21: =prelim!B21 -> 0 | M21: =SUM(C21:L21) -> 0 | N21: =IF(OR(M21="",$O$16=""),"",IF(M21>=$M$16/2,ROUND(100+(50*(M21-$M$16))/$M$16,0),ROUND(75+(20*(M21-$M$16/2)/$M$16),0))) -> #DIV/0! | O21: =IFERROR((N21*$O$16),0) -> 0 | Q21: =IF(OR(P21="",$P$16=""),"",IF(P21>=$P$16/2,ROUND(100+(50*(P21-$P$16))/$P$16,0),ROUND(75+(20*(P21-$P$16/2)/$P$16),0))) | R21: =IFERROR((Q21*0.4)," ") | S21: =IFERROR((O21+R21),"") | T21: =IF(S21="","",ROUND(S21,0)) | U21: =IF((T21<=74),"F","P") -> P
A22: =prelim!A22 -> 0 | B22: =prelim!B22 -> 0 | M22: =SUM(C22:L22) -> 0 | N22: =IF(OR(M22="",$O$16=""),"",IF(M22>=$M$16/2,ROUND(100+(50*(M22-$M$16))/$M$16,0),ROUND(75+(20*(M22-$M$16/2)/$M$16),0))) -> #DIV/0! | O22: =IFERROR((N22*$O$16),0) -> 0 | Q22: =IF(OR(P22="",$P$16=""),"",IF(P22>=$P$16/2,ROUND(100+(50*(P22-$P$16))/$P$16,0),ROUND(75+(20*(P22-$P$16/2)/$P$16),0))) | R22: =IFERROR((Q22*0.4)," ") | S22: =IFERROR((O22+R22),"") | T22: =IF(S22="","",ROUND(S22,0)) | U22: =IF((T22<=74),"F","P") -> P
A23: =prelim!A23 -> 0 | B23: =prelim!B23 -> 0 | M23: =SUM(C23:L23) -> 0 | N23: =IF(OR(M23="",$O$16=""),"",IF(M23>=$M$16/2,ROUND(100+(50*(M23-$M$16))/$M$16,0),ROUND(75+(20*(M23-$M$16/2)/$M$16),0))) -> #DIV/0! | O23: =IFERROR((N23*$O$16),0) -> 0 | Q23: =IF(OR(P23="",$P$16=""),"",IF(P23>=$P$16/2,ROUND(100+(50*(P23-$P$16))/$P$16,0),ROUND(75+(20*(P23-$P$16/2)/$P$16),0))) | R23: =IFERROR((Q23*0.4)," ") | S23: =IFERROR((O23+R23),"") | T23: =IF(S23="","",ROUND(S23,0)) | U23: =IF((T23<=74),"F","P") -> P
A24: =prelim!A24 -> 0 | B24: =prelim!B24 -> 0 | M24: =SUM(C24:L24) -> 0 | N24: =IF(OR(M24="",$O$16=""),"",IF(M24>=$M$16/2,ROUND(100+(50*(M24-$M$16))/$M$16,0),ROUND(75+(20*(M24-$M$16/2)/$M$16),0))) -> #DIV/0! | O24: =IFERROR((N24*$O$16),0) -> 0 | Q24: =IF(OR(P24="",$P$16=""),"",IF(P24>=$P$16/2,ROUND(100+(50*(P24-$P$16))/$P$16,0),ROUND(75+(20*(P24-$P$16/2)/$P$16),0))) | R24: =IFERROR((Q24*0.4)," ") | S24: =IFERROR((O24+R24),"") | T24: =IF(S24="","",ROUND(S24,0)) | U24: =IF((T24<=74),"F","P") -> P
A25: =prelim!A25 -> 0 | B25: =prelim!B25 -> 0 | M25: =SUM(C25:L25) -> 0 | N25: =IF(OR(M25="",$O$16=""),"",IF(M25>=$M$16/2,ROUND(100+(50*(M25-$M$16))/$M$16,0),ROUND(75+(20*(M25-$M$16/2)/$M$16),0))) -> #DIV/0! | O25: =IFERROR((N25*$O$16),0) -> 0 | Q25: =IF(OR(P25="",$P$16=""),"",IF(P25>=$P$16/2,ROUND(100+(50*(P25-$P$16))/$P$16,0),ROUND(75+(20*(P25-$P$16/2)/$P$16),0))) | R25: =IFERROR((Q25*0.4)," ") | S25: =IFERROR((O25+R25),"") | T25: =IF(S25="","",ROUND(S25,0)) | U25: =IF((T25<=74),"F","P") -> P
A26: =prelim!A26 -> 0 | B26: =prelim!B26 -> 0 | M26: =SUM(C26:L26) -> 0 | N26: =IF(OR(M26="",$O$16=""),"",IF(M26>=$M$16/2,ROUND(100+(50*(M26-$M$16))/$M$16,0),ROUND(75+(20*(M26-$M$16/2)/$M$16),0))) -> #DIV/0! | O26: =IFERROR((N26*$O$16),0) -> 0 | Q26: =IF(OR(P26="",$P$16=""),"",IF(P26>=$P$16/2,ROUND(100+(50*(P26-$P$16))/$P$16,0),ROUND(75+(20*(P26-$P$16/2)/$P$16),0))) | R26: =IFERROR((Q26*0.4)," ") | S26: =IFERROR((O26+R26),"") | T26: =IF(S26="","",ROUND(S26,0)) | U26: =IF((T26<=74),"F","P") -> P
A27: =prelim!A27 -> 0 | B27: =prelim!B27 -> 0 | M27: =SUM(C27:L27) -> 0 | N27: =IF(OR(M27="",$O$16=""),"",IF(M27>=$M$16/2,ROUND(100+(50*(M27-$M$16))/$M$16,0),ROUND(75+(20*(M27-$M$16/2)/$M$16),0))) -> #DIV/0! | O27: =IFERROR((N27*$O$16),0) -> 0 | Q27: =IF(OR(P27="",$P$16=""),"",IF(P27>=$P$16/2,ROUND(100+(50*(P27-$P$16))/$P$16,0),ROUND(75+(20*(P27-$P$16/2)/$P$16),0))) | R27: =IFERROR((Q27*0.4)," ") | S27: =IFERROR((O27+R27),"") | T27: =IF(S27="","",ROUND(S27,0)) | U27: =IF((T27<=74),"F","P") -> P
A28: =prelim!A28 -> 0 | B28: =prelim!B28 -> 0 | M28: =SUM(C28:L28) -> 0 | N28: =IF(OR(M28="",$O$16=""),"",IF(M28>=$M$16/2,ROUND(100+(50*(M28-$M$16))/$M$16,0),ROUND(75+(20*(M28-$M$16/2)/$M$16),0))) -> #DIV/0! | O28: =IFERROR((N28*$O$16),0) -> 0 | Q28: =IF(OR(P28="",$P$16=""),"",IF(P28>=$P$16/2,ROUND(100+(50*(P28-$P$16))/$P$16,0),ROUND(75+(20*(P28-$P$16/2)/$P$16),0))) | R28: =IFERROR((Q28*0.4)," ") | S28: =IFERROR((O28+R28),"") | T28: =IF(S28="","",ROUND(S28,0)) | U28: =IF((T28<=74),"F","P") -> P
... A56: =prelim!A56 -> 0 | B56: =prelim!B56 -> 0 | M56: =SUM(C56:L56) -> 0 | N56: =IF(OR(M56="",$O$16=""),"",IF(M56>=$M$16/2,ROUND(100+(50*(M56-$M$16))/$M$16,0),ROUND(75+(20*(M56-$M$16/2)/$M$16),0))) -> #DIV/0! | O56: =IFERROR((N56*$O$16),0) -> 0 | Q56: =IF(OR(P56="",$P$16=""),"",IF(P56>=$P$16/2,ROUND(100+(50*(P56-$P$16))/$P$16,0),ROUND(75+(20*(P56-$P$16/2)/$P$16),0))) | R56: =IFERROR((Q56*0.4)," ") | S56: =IFERROR((O56+R56),"") | T56: =IF(S56="","",ROUND(S56,0)) | U56: =IF((T56<=74),"F","P") -> P
B58: Submitted by: | K58: Reviewed by:
B59: Rhenier S. Seril | K59: Jomer D. Pascua, MM
B61: FACULTY, (PUMMA) | K61: Dean PUMMA
B63: Note:
C64: Do not edit the cell in green highlighted

Sheet finals
A6: Panpacific University
A7: Campus
A8: SCHOOL OF URDANETA CITY
Q9: PanpacificU-AO-Form-03-RevisionStatus/Date:01/20January2025
A10: COURSE TITLE: Celestial Navigation_Nav 254
A11: PROGRAM & SECTION: BSMT2B
A12: Student No. | B12: Name | C12: LABORATORY | T12: LECTURE GRADE | U12: FINALSGRADE | V12: REMARKS
C13: CLASS STANDING | Q13: EXAMINATION
C14: ASSIGNMENT/QUIZZES/ACTIVITIES/ CLASS PARTICIPATION | N14: Final Course Output | Q14: Final Exam
K15: T | L15: E | M15: Weight % | N15: T | O15: E | P15: Weight % | Q15: T | R15: E | S15: Weight %
K16: =SUM(C16:J16) -> 0 | L16: % | M16: 0.2 | O16: % | P16: 0.2 | R16: % | S16: 0.6
A17: =prelim!A17 -> 0 | B17: =prelim!B17 -> 0 | K17: =SUM(C17:J17) -> 0 | L17: =IF(OR(K17="",$M$16=""),"",IF(K17>=$K$16/2,ROUND(100+(50*(K17-$K$16))/$K$16,0),ROUND(75+(20*(K17-$K$16/2)/$K$16),0))) -> #DIV/0! | M17: =IFERROR((L17*$M$16),0) -> 0 | O17: =IF(OR(N17="",$N$16=""),"",IF(N17>=$N$16/2,ROUND(100+(50*(N17-$N$16))/$N$16,0),ROUND(75+(20*(N17-$N$16/2)/$N$16),0))) | P17: =IFERROR((O17*$P$16)," ") | R17: =IF(OR(Q17="",$Q$16=""),"",IF(Q17>=$Q$16/2,ROUND(100+(50*(Q17-$Q$16))/$Q$16,0),ROUND(75+(20*(Q17-$Q$16/2)/$Q$16),0))) | S17: =IFERROR((R17*$S$16)," ") | T17: =IFERROR((M17+P17+S17),"") | U17: =IF(T17="","",ROUND(T17,0)) | V17: =IF((U17<=74),"F","P") -> P
A18: =prelim!A18 -> 0 | B18: =prelim!B18 -> 0 | K18: =SUM(C18:J18) -> 0 | L18: =IF(OR(K18="",$M$16=""),"",IF(K18>=$K$16/2,ROUND(100+(50*(K18-$K$16))/$K$16,0),ROUND(75+(20*(K18-$K$16/2)/$K$16),0))) -> #DIV/0! | M18: =IFERROR((L18*$M$16),0) -> 0 | O18: =IF(OR(N18="",$N$16=""),"",IF(N18>=$N$16/2,ROUND(100+(50*(N18-$N$16))/$N$16,0),ROUND(75+(20*(N18-$N$16/2)/$N$16),0))) | P18: =IFERROR((O18*$P$16)," ") | R18: =IF(OR(Q18="",$Q$16=""),"",IF(Q18>=$Q$16/2,ROUND(100+(50*(Q18-$Q$16))/$Q$16,0),ROUND(75+(20*(Q18-$Q$16/2)/$Q$16),0))) | S18: =IFERROR((R18*$S$16)," ") | T18: =IFERROR((M18+P18+S18),"") | U18: =IF(T18="","",ROUND(T18,0)) | V18: =IF((U18<=74),"F","P") -> P
A19: =prelim!A19 -> 0 | B19: =prelim!B19 -> 0 | K19: =SUM(C19:J19) -> 0 | L19: =IF(OR(K19="",$M$16=""),"",IF(K19>=$K$16/2,ROUND(100+(50*(K19-$K$16))/$K$16,0),ROUND(75+(20*(K19-$K$16/2)/$K$16),0))) -> #DIV/0! | M19: =IFERROR((L19*$M$16),0) -> 0 | O19: =IF(OR(N19="",$N$16=""),"",IF(N19>=$N$16/2,ROUND(100+(50*(N19-$N$16))/$N$16,0),ROUND(75+(20*(N19-$N$16/2)/$N$16),0))) | P19: =IFERROR((O19*$P$16)," ") | R19: =IF(OR(Q19="",$Q$16=""),"",IF(Q19>=$Q$16/2,ROUND(100+(50*(Q19-$Q$16))/$Q$16,0),ROUND(75+(20*(Q19-$Q$16/2)/$Q$16),0))) | S19: =IFERROR((R19*$S$16)," ") | T19: =IFERROR((M19+P19+S19),"") | U19: =IF(T19="","",ROUND(T19,0)) | V19: =IF((U19<=74),"F","P") -> P
A20: =prelim!A20 -> 0 | B20: =prelim!B20 -> 0 | K20: =SUM(C20:J20) -> 0 | L20: =IF(OR(K20="",$M$16=""),"",IF(K20>=$K$16/2,ROUND(100+(50*(K20-$K$16))/$K$16,0),ROUND(75+(20*(K20-$K$16/2)/$K$16),0))) -> #DIV/0! | M20: =IFERROR((L20*$M$16),0) -> 0 | O20: =IF(OR(N20="",$N$16=""),"",IF(N20>=$N$16/2,ROUND(100+(50*(N20-$N$16))/$N$16,0),ROUND(75+(20*(N20-$N$16/2)/$N$16),0))) | P20: =IFERROR((O20*$P$16)," ") | R20: =IF(OR(Q20="",$Q$16=""),"",IF(Q20>=$Q$16/2,ROUND(100+(50*(Q20-$Q$16))/$Q$16,0),ROUND(75+(20*(Q20-$Q$16/2)/$Q$16),0))) | S20: =IFERROR((R20*$S$16)," ") | T20: =IFERROR((M20+P20+S20),"") | U20: =IF(T20="","",ROUND(T20,0)) | V20: =IF((U20<=74),"F","P") -> P
A21: =prelim!A21 -> 0 | B21: =prelim!B21 -> 0 | K21: =SUM(C21:J21) -> 0 | L21: =IF(OR(K21="",$M$16=""),"",IF(K21>=$K$16/2,ROUND(100+(50*(K21-$K$16))/$K$16,0),ROUND(75+(20*(K21-$K$16/2)/$K$16),0))) -> #DIV/0! | M21: =IFERROR((L21*$M$16),0) -> 0 | O21: =IF(OR(N21="",$N$16=""),"",IF(N21>=$N$16/2,ROUND(100+(50*(N21-$N$16))/$N$16,0),ROUND(75+(20*(N21-$N$16/2)/$N$16),0))) | P21: =IFERROR((O21*$P$16)," ") | R21: =IF(OR(Q21="",$Q$16=""),"",IF(Q21>=$Q$16/2,ROUND(100+(50*(Q21-$Q$16))/$Q$16,0),ROUND(75+(20*(Q21-$Q$16/2)/$Q$16),0))) | S21: =IFERROR((R21*$S$16)," ") | T21: =IFERROR((M21+P21+S21),"") | U21: =IF(T21="","",ROUND(T21,0)) | V21: =IF((U21<=74),"F","P") -> P
A22: =prelim!A22 -> 0 | B22: =prelim!B22 -> 0 | K22: =SUM(C22:J22) -> 0 | L22: =IF(OR(K22="",$M$16=""),"",IF(K22>=$K$16/2,ROUND(100+(50*(K22-$K$16))/$K$16,0),ROUND(75+(20*(K22-$K$16/2)/$K$16),0))) -> #DIV/0! | M22: =IFERROR((L22*$M$16),0) -> 0 | O22: =IF(OR(N22="",$N$16=""),"",IF(N22>=$N$16/2,ROUND(100+(50*(N22-$N$16))/$N$16,0),ROUND(75+(20*(N22-$N$16/2)/$N$16),0))) | P22: =IFERROR((O22*$P$16)," ") | R22: =IF(OR(Q22="",$Q$16=""),"",IF(Q22>=$Q$16/2,ROUND(100+(50*(Q22-$Q$16))/$Q$16,0),ROUND(75+(20*(Q22-$Q$16/2)/$Q$16),0))) | S22: =IFERROR((R22*$S$16)," ") | T22: =IFERROR((M22+P22+S22),"") | U22: =IF(T22="","",ROUND(T22,0)) | V22: =IF((U22<=74),"F","P") -> P
A23: =prelim!A23 -> 0 | B23: =prelim!B23 -> 0 | K23: =SUM(C23:J23) -> 0 | L23: =IF(OR(K23="",$M$16=""),"",IF(K23>=$K$16/2,ROUND(100+(50*(K23-$K$16))/$K$16,0),ROUND(75+(20*(K23-$K$16/2)/$K$16),0))) -> #DIV/0! | M23: =IFERROR((L23*$M$16),0) -> 0 | O23: =IF(OR(N23="",$N$16=""),"",IF(N23>=$N$16/2,ROUND(100+(50*(N23-$N$16))/$N$16,0),ROUND(75+(20*(N23-$N$16/2)/$N$16),0))) | P23: =IFERROR((O23*$P$16)," ") | R23: =IF(OR(Q23="",$Q$16=""),"",IF(Q23>=$Q$16/2,ROUND(100+(50*(Q23-$Q$16))/$Q$16,0),ROUND(75+(20*(Q23-$Q$16/2)/$Q$16),0))) | S23: =IFERROR((R23*$S$16)," ") | T23: =IFERROR((M23+P23+S23),"") | U23: =IF(T23="","",ROUND(T23,0)) | V23: =IF((U23<=74),"F","P") -> P
A24: =prelim!A24 -> 0 | B24: =prelim!B24 -> 0 | K24: =SUM(C24:J24) -> 0 | L24: =IF(OR(K24="",$M$16=""),"",IF(K24>=$K$16/2,ROUND(100+(50*(K24-$K$16))/$K$16,0),ROUND(75+(20*(K24-$K$16/2)/$K$16),0))) -> #DIV/0! | M24: =IFERROR((L24*$M$16),0) -> 0 | O24: =IF(OR(N24="",$N$16=""),"",IF(N24>=$N$16/2,ROUND(100+(50*(N24-$N$16))/$N$16,0),ROUND(75+(20*(N24-$N$16/2)/$N$16),0))) | P24: =IFERROR((O24*$P$16)," ") | R24: =IF(OR(Q24="",$Q$16=""),"",IF(Q24>=$Q$16/2,ROUND(100+(50*(Q24-$Q$16))/$Q$16,0),ROUND(75+(20*(Q24-$Q$16/2)/$Q$16),0))) | S24: =IFERROR((R24*$S$16)," ") | T24: =IFERROR((M24+P24+S24),"") | U24: =IF(T24="","",ROUND(T24,0)) | V24: =IF((U24<=74),"F","P") -> P
A25: =prelim!A25 -> 0 | B25: =prelim!B25 -> 0 | K25: =SUM(C25:J25) -> 0 | L25: =IF(OR(K25="",$M$16=""),"",IF(K25>=$K$16/2,ROUND(100+(50*(K25-$K$16))/$K$16,0),ROUND(75+(20*(K25-$K$16/2)/$K$16),0))) -> #DIV/0! | M25: =IFERROR((L25*$M$16),0) -> 0 | O25: =IF(OR(N25="",$N$16=""),"",IF(N25>=$N$16/2,ROUND(100+(50*(N25-$N$16))/$N$16,0),ROUND(75+(20*(N25-$N$16/2)/$N$16),0))) | P25: =IFERROR((O25*$P$16)," ") | R25: =IF(OR(Q25="",$Q$16=""),"",IF(Q25>=$Q$16/2,ROUND(100+(50*(Q25-$Q$16))/$Q$16,0),ROUND(75+(20*(Q25-$Q$16/2)/$Q$16),0))) | S25: =IFERROR((R25*$S$16)," ") | T25: =IFERROR((M25+P25+S25),"") | U25: =IF(T25="","",ROUND(T25,0)) | V25: =IF((U25<=74),"F","P") -> P
A26: =prelim!A26 -> 0 | B26: =prelim!B26 -> 0 | K26: =SUM(C26:J26) -> 0 | L26: =IF(OR(K26="",$M$16=""),"",IF(K26>=$K$16/2,ROUND(100+(50*(K26-$K$16))/$K$16,0),ROUND(75+(20*(K26-$K$16/2)/$K$16),0))) -> #DIV/0! | M26: =IFERROR((L26*$M$16),0) -> 0 | O26: =IF(OR(N26="",$N$16=""),"",IF(N26>=$N$16/2,ROUND(100+(50*(N26-$N$16))/$N$16,0),ROUND(75+(20*(N26-$N$16/2)/$N$16),0))) | P26: =IFERROR((O26*$P$16)," ") | R26: =IF(OR(Q26="",$Q$16=""),"",IF(Q26>=$Q$16/2,ROUND(100+(50*(Q26-$Q$16))/$Q$16,0),ROUND(75+(20*(Q26-$Q$16/2)/$Q$16),0))) | S26: =IFERROR((R26*$S$16)," ") | T26: =IFERROR((M26+P26+S26),"") | U26: =IF(T26="","",ROUND(T26,0)) | V26: =IF((U26<=74),"F","P") -> P
A27: =prelim!A27 -> 0 | B27: =prelim!B27 -> 0 | K27: =SUM(C27:J27) -> 0 | L27: =IF(OR(K27="",$M$16=""),"",IF(K27>=$K$16/2,ROUND(100+(50*(K27-$K$16))/$K$16,0),ROUND(75+(20*(K27-$K$16/2)/$K$16),0))) -> #DIV/0! | M27: =IFERROR((L27*$M$16),0) -> 0 | O27: =IF(OR(N27="",$N$16=""),"",IF(N27>=$N$16/2,ROUND(100+(50*(N27-$N$16))/$N$16,0),ROUND(75+(20*(N27-$N$16/2)/$N$16),0))) | P27: =IFERROR((O27*$P$16)," ") | R27: =IF(OR(Q27="",$Q$16=""),"",IF(Q27>=$Q$16/2,ROUND(100+(50*(Q27-$Q$16))/$Q$16,0),ROUND(75+(20*(Q27-$Q$16/2)/$Q$16),0))) | S27: =IFERROR((R27*$S$16)," ") | T27: =IFERROR((M27+P27+S27),"") | U27: =IF(T27="","",ROUND(T27,0)) | V27: =IF((U27<=74),"F","P") -> P
A28: =prelim!A28 -> 0 | B28: =prelim!B28 -> 0 | K28: =SUM(C28:J28) -> 0 | L28: =IF(OR(K28="",$M$16=""),"",IF(K28>=$K$16/2,ROUND(100+(50*(K28-$K$16))/$K$16,0),ROUND(75+(20*(K28-$K$16/2)/$K$16),0))) -> #DIV/0! | M28: =IFERROR((L28*$M$16),0) -> 0 | O28: =IF(OR(N28="",$N$16=""),"",IF(N28>=$N$16/2,ROUND(100+(50*(N28-$N$16))/$N$16,0),ROUND(75+(20*(N28-$N$16/2)/$N$16),0))) | P28: =IFERROR((O28*$P$16)," ") | R28: =IF(OR(Q28="",$Q$16=""),"",IF(Q28>=$Q$16/2,ROUND(100+(50*(Q28-$Q$16))/$Q$16,0),ROUND(75+(20*(Q28-$Q$16/2)/$Q$16),0))) | S28: =IFERROR((R28*$S$16)," ") | T28: =IFERROR((M28+P28+S28),"") | U28: =IF(T28="","",ROUND(T28,0)) | V28: =IF((U28<=74),"F","P") -> P
... A56: =prelim!A56 -> 0 | B56: =prelim!B56 -> 0 | K56: =SUM(C56:J56) -> 0 | L56: =IF(OR(K56="",$M$16=""),"",IF(K56>=$K$16/2,ROUND(100+(50*(K56-$K$16))/$K$16,0),ROUND(75+(20*(K56-$K$16/2)/$K$16),0))) -> #DIV/0! | M56: =IFERROR((L56*$M$16),0) -> 0 | O56: =IF(OR(N56="",$N$16=""),"",IF(N56>=$N$16/2,ROUND(100+(50*(N56-$N$16))/$N$16,0),ROUND(75+(20*(N56-$N$16/2)/$N$16),0))) | P56: =IFERROR((O56*$P$16)," ") | R56: =IF(OR(Q56="",$Q$16=""),"",IF(Q56>=$Q$16/2,ROUND(100+(50*(Q56-$Q$16))/$Q$16,0),ROUND(75+(20*(Q56-$Q$16/2)/$Q$16),0))) | S56: =IFERROR((R56*$S$16)," ") | T56: =IFERROR((M56+P56+S56),"") | U56: =IF(T56="","",ROUND(T56,0)) | V56: =IF((U56<=74),"F","P") -> P
B58: Submitted by: | K58: Reviewed by:
B59: Rhenier S. Seril | K59: Jomer D. Pascua, MM
B61: FACULTY, (PUMMA) | K61: Dean PUMMA
B63: Note:
C64: Do not edit the cell in green highlighted

Sheet Grade Sheet
B1: PANPACIFIC UNIVERSITY
B2: Campus
B3: GRADING SHEET
B4: _1ST___Term / A.Y . __2526____
B5: PanpacificU-AO-Form-03-RevisionStatus/Date:01/20January2025
B6: Course/Year/ Sec: BSMT 2B | J6: Class Standing | Q6: (CS) | R6: 0.6
B7: Course Code: Nav 254b | J7: Periodical Test | Q7: (PT) | R7: 0.4
B8: Course Title: Celestial Navigation_Nav 254b | J8: Research Project | Q8: (R/P) | R8: ___%
A9: No. | C9: PRELIM | G9: MID-TERM | K9: SEMI-FINALS | O9: FINAL | T9: REMARKS
B10: NAME OF STUDENT | C10: CS | D10: PT | E10: T | F10: FG | G10: CS | H10: PT | I10: T | J10: FG | K10: CS | L10: PT | M10: T | N10: FG | O10: CS | P10: PT | Q10: T | R10: FG | S10: SG
A11: =prelim!A17 -> 0 | B11: =prelim!B17 -> 0 | C11: =IFERROR((((prelim!O17))),"") -> 0 | D11: =IFERROR((((prelim!R17))),"") | E11: =IFERROR((((D11+C11))),"") | F11: =IFERROR((ROUND(E11,0)),"") | G11: =IFERROR((((midterm!O17))),"") -> 0 | H11: =IFERROR((((midterm!R17))),"") | I11: =IFERROR((((H11+G11))),"") | J11: =IFERROR((ROUND(I11,0)),"") | K11: =IFERROR(((('semi-final'!O17))),"") -> 0 | L11: ='semi-final'!R17 | M11: =IFERROR((((K11+L11))),"") | N11: =IFERROR((ROUND(M11,0)),"") | O11: =IFERROR((((finals!M17+finals!P17))),"") | P11: =IFERROR((((finals!S17))),"") | Q11: =IFERROR((((P11+O11))),"") | R11: =IFERROR((ROUND(Q11,0)),"") | S11: =IFERROR(((ROUND(((F11+R11+J11+N11)/4),0))),"") | T11: =IF(S11<=74,"F","P") -> P
A12: =prelim!A18 -> 0 | B12: =prelim!B18 -> 0 | C12: =IFERROR((((prelim!O18))),"") -> 0 | D12: =IFERROR((((prelim!R18))),"") | E12: =IFERROR((((D12+C12))),"") | F12: =IFERROR((ROUND(E12,0)),"") | G12: =IFERROR((((midterm!O18))),"") -> 0 | H12: =IFERROR((((midterm!R18))),"") | I12: =IFERROR((((H12+G12))),"") | J12: =IFERROR((ROUND(I12,0)),"") | K12: =IFERROR(((('semi-final'!O18))),"") -> 0 | L12: ='semi-final'!R18 | M12: =IFERROR((((K12+L12))),"") | N12: =IFERROR((ROUND(M12,0)),"") | O12: =IFERROR((((finals!M18+finals!P18))),"") | P12: =IFERROR((((finals!S18))),"") | Q12: =IFERROR((((P12+O12))),"") | R12: =IFERROR((ROUND(Q12,0)),"") | S12: =IFERROR(((ROUND(((F12+R12+J12+N12)/4),0))),"") | T12: =IF(S12<=74,"F","P") -> P
A13: =prelim!A19 -> 0 | B13: =prelim!B19 -> 0 | C13: =IFERROR((((prelim!O19))),"") -> 0 | D13: =IFERROR((((prelim!R19))),"") | E13: =IFERROR((((D13+C13))),"") | F13: =IFERROR((ROUND(E13,0)),"") | G13: =IFERROR((((midterm!O19))),"") -> 0 | H13: =IFERROR((((midterm!R19))),"") | I13: =IFERROR((((H13+G13))),"") | J13: =IFERROR((ROUND(I13,0)),"") | K13: =IFERROR(((('semi-final'!O19))),"") -> 0 | L13: ='semi-final'!R19 | M13: =IFERROR((((K13+L13))),"") | N13: =IFERROR((ROUND(M13,0)),"") | O13: =IFERROR((((finals!M19+finals!P19))),"") | P13: =IFERROR((((finals!S19))),"") | Q13: =IFERROR((((P13+O13))),"") | R13: =IFERROR((ROUND(Q13,0)),"") | S13: =IFERROR(((ROUND(((F13+R13+J13+N13)/4),0))),"") | T13: =IF(S13<=74,"F","P") -> P
A14: =prelim!A20 -> 0 | B14: =prelim!B20 -> 0 | C14: =IFERROR((((prelim!O20))),"") -> 0 | D14: =IFERROR((((prelim!R20))),"") | E14: =IFERROR((((D14+C14))),"") | F14: =IFERROR((ROUND(E14,0)),"") | G14: =IFERROR((((midterm!O20))),"") -> 0 | H14: =IFERROR((((midterm!R20))),"") | I14: =IFERROR((((H14+G14))),"") | J14: =IFERROR((ROUND(I14,0)),"") | K14: =IFERROR(((('semi-final'!O20))),"") -> 0 | L14: ='semi-final'!R20 | M14: =IFERROR((((K14+L14))),"") | N14: =IFERROR((ROUND(M14,0)),"") | O14: =IFERROR((((finals!M20+finals!P20))),"") | P14: =IFERROR((((finals!S20))),"") | Q14: =IFERROR((((P14+O14))),"") | R14: =IFERROR((ROUND(Q14,0)),"") | S14: =IFERROR(((ROUND(((F14+R14+J14+N14)/4),0))),"") | T14: =IF(S14<=74,"F","P") -> P
A15: =prelim!A21 -> 0 | B15: =prelim!B21 -> 0 | C15: =IFERROR((((prelim!O21))),"") -> 0 | D15: =IFERROR((((prelim!R21))),"") | E15: =IFERROR((((D15+C15))),"") | F15: =IFERROR((ROUND(E15,0)),"") | G15: =IFERROR((((midterm!O21))),"") -> 0 | H15: =IFERROR((((midterm!R21))),"") | I15: =IFERROR((((H15+G15))),"") | J15: =IFERROR((ROUND(I15,0)),"") | K15: =IFERROR(((('semi-final'!O21))),"") -> 0 | L15: ='semi-final'!R21 | M15: =IFERROR((((K15+L15))),"") | N15: =IFERROR((ROUND(M15,0)),"") | O15: =IFERROR((((finals!M21+finals!P21))),"") | P15: =IFERROR((((finals!S21))),"") | Q15: =IFERROR((((P15+O15))),"") | R15: =IFERROR((ROUND(Q15,0)),"") | S15: =IFERROR(((ROUND(((F15+R15+J15+N15)/4),0))),"") | T15: =IF(S15<=74,"F","P") -> P
A16: =prelim!A22 -> 0 | B16: =prelim!B22 -> 0 | C16: =IFERROR((((prelim!O22))),"") -> 0 | D16: =IFERROR((((prelim!R22))),"") | E16: =IFERROR((((D16+C16))),"") | F16: =IFERROR((ROUND(E16,0)),"") | G16: =IFERROR((((midterm!O22))),"") -> 0 | H16: =IFERROR((((midterm!R22))),"") | I16: =IFERROR((((H16+G16))),"") | J16: =IFERROR((ROUND(I16,0)),"") | K16: =IFERROR(((('semi-final'!O22))),"") -> 0 | L16: ='semi-final'!R22 | M16: =IFERROR((((K16+L16))),"") | N16: =IFERROR((ROUND(M16,0)),"") | O16: =IFERROR((((finals!M22+finals!P22))),"") | P16: =IFERROR((((finals!S22))),"") | Q16: =IFERROR((((P16+O16))),"") | R16: =IFERROR((ROUND(Q16,0)),"") | S16: =IFERROR(((ROUND(((F16+R16+J16+N16)/4),0))),"") | T16: =IF(S16<=74,"F","P") -> P
A17: =prelim!A23 -> 0 | B17: =prelim!B23 -> 0 | C17: =IFERROR((((prelim!O23))),"") -> 0 | D17: =IFERROR((((prelim!R23))),"") | E17: =IFERROR((((D17+C17))),"") | F17: =IFERROR((ROUND(E17,0)),"") | G17: =IFERROR((((midterm!O23))),"") -> 0 | H17: =IFERROR((((midterm!R23))),"") | I17: =IFERROR((((H17+G17))),"") | J17: =IFERROR((ROUND(I17,0)),"") | K17: =IFERROR(((('semi-final'!O23))),"") -> 0 | L17: ='semi-final'!R23 | M17: =IFERROR((((K17+L17))),"") | N17: =IFERROR((ROUND(M17,0)),"") | O17: =IFERROR((((finals!M23+finals!P23))),"") | P17: =IFERROR((((finals!S23))),"") | Q17: =IFERROR((((P17+O17))),"") | R17: =IFERROR((ROUND(Q17,0)),"") | S17: =IFERROR(((ROUND(((F17+R17+J17+N17)/4),0))),"") | T17: =IF(S17<=74,"F","P") -> P
A18: =prelim!A24 -> 0 | B18: =prelim!B24 -> 0 | C18: =IFERROR((((prelim!O24))),"") -> 0 | D18: =IFERROR((((prelim!R24))),"") | E18: =IFERROR((((D18+C18))),"") | F18: =IFERROR((ROUND(E18,0)),"") | G18: =IFERROR((((midterm!O24))),"") -> 0 | H18: =IFERROR((((midterm!R24))),"") | I18: =IFERROR((((H18+G18))),"") | J18: =IFERROR((ROUND(I18,0)),"") | K18: =IFERROR(((('semi-final'!O24))),"") -> 0 | L18: ='semi-final'!R24 | M18: =IFERROR((((K18+L18))),"") | N18: =IFERROR((ROUND(M18,0)),"") | O18: =IFERROR((((finals!M24+finals!P24))),"") | P18: =IFERROR((((finals!S24))),"") | Q18: =IFERROR((((P18+O18))),"") | R18: =IFERROR((ROUND(Q18,0)),"") | S18: =IFERROR(((ROUND(((F18+R18+J18+N18)/4),0))),"") | T18: =IF(S18<=74,"F","P") -> P
A19: =prelim!A25 -> 0 | B19: =prelim!B25 -> 0 | C19: =IFERROR((((prelim!O25))),"") -> 0 | D19: =IFERROR((((prelim!R25))),"") | E19: =IFERROR((((D19+C19))),"") | F19: =IFERROR((ROUND(E19,0)),"") | G19: =IFERROR((((midterm!O25))),"") -> 0 | H19: =IFERROR((((midterm!R25))),"") | I19: =IFERROR((((H19+G19))),"") | J19: =IFERROR((ROUND(I19,0)),"") | K19: =IFERROR(((('semi-final'!O25))),"") -> 0 | L19: ='semi-final'!R25 | M19: =IFERROR((((K19+L19))),"") | N19: =IFERROR((ROUND(M19,0)),"") | O19: =IFERROR((((finals!M25+finals!P25))),"") | P19: =IFERROR((((finals!S25))),"") | Q19: =IFERROR((((P19+O19))),"") | R19: =IFERROR((ROUND(Q19,0)),"") | S19: =IFERROR(((ROUND(((F19+R19+J19+N19)/4),0))),"") | T19: =IF(S19<=74,"F","P") -> P
A20: =prelim!A26 -> 0 | B20: =prelim!B26 -> 0 | C20: =IFERROR((((prelim!O26))),"") -> 0 | D20: =IFERROR((((prelim!R26))),"") | E20: =IFERROR((((D20+C20))),"") | F20: =IFERROR((ROUND(E20,0)),"") | G20: =IFERROR((((midterm!O26))),"") -> 0 | H20: =IFERROR((((midterm!R26))),"") | I20: =IFERROR((((H20+G20))),"") | J20: =IFERROR((ROUND(I20,0)),"") | K20: =IFERROR(((('semi-final'!O26))),"") -> 0 | L20: ='semi-final'!R26 | M20: =IFERROR((((K20+L20))),"") | N20: =IFERROR((ROUND(M20,0)),"") | O20: =IFERROR((((finals!M26+finals!P26))),"") | P20: =IFERROR((((finals!S26))),"") | Q20: =IFERROR((((P20+O20))),"") | R20: =IFERROR((ROUND(Q20,0)),"") | S20: =IFERROR(((ROUND(((F20+R20+J20+N20)/4),0))),"") | T20: =IF(S20<=74,"F","P") -> P
A21: =prelim!A27 -> 0 | B21: =prelim!B27 -> 0 | C21: =IFERROR((((prelim!O27))),"") -> 0 | D21: =IFERROR((((prelim!R27))),"") | E21: =IFERROR((((D21+C21))),"") | F21: =IFERROR((ROUND(E21,0)),"") | G21: =IFERROR((((midterm!O27))),"") -> 0 | H21: =IFERROR((((midterm!R27))),"") | I21: =IFERROR((((H21+G21))),"") | J21: =IFERROR((ROUND(I21,0)),"") | K21: =IFERROR(((('semi-final'!O27))),"") -> 0 | L21: ='semi-final'!R27 | M21: =IFERROR((((K21+L21))),"") | N21: =IFERROR((ROUND(M21,0)),"") | O21: =IFERROR((((finals!M27+finals!P27))),"") | P21: =IFERROR((((finals!S27))),"") | Q21: =IFERROR((((P21+O21))),"") | R21: =IFERROR((ROUND(Q21,0)),"") | S21: =IFERROR(((ROUND(((F21+R21+J21+N21)/4),0))),"") | T21: =IF(S21<=74,"F","P") -> P
A22: =prelim!A28 -> 0 | B22: =prelim!B28 -> 0 | C22: =IFERROR((((prelim!O28))),"") -> 0 | D22: =IFERROR((((prelim!R28))),"") | E22: =IFERROR((((D22+C22))),"") | F22: =IFERROR((ROUND(E22,0)),"") | G22: =IFERROR((((midterm!O28))),"") -> 0 | H22: =IFERROR((((midterm!R28))),"") | I22: =IFERROR((((H22+G22))),"") | J22: =IFERROR((ROUND(I22,0)),"") | K22: =IFERROR(((('semi-final'!O28))),"") -> 0 | L22: ='semi-final'!R28 | M22: =IFERROR((((K22+L22))),"") | N22: =IFERROR((ROUND(M22,0)),"") | O22: =IFERROR((((finals!M28+finals!P28))),"") | P22: =IFERROR((((finals!S28))),"") | Q22: =IFERROR((((P22+O22))),"") | R22: =IFERROR((ROUND(Q22,0)),"") | S22: =IFERROR(((ROUND(((F22+R22+J22+N22)/4),0))),"") | T22: =IF(S22<=74,"F","P") -> P
... A50: =prelim!A56 -> 0 | B50: =prelim!B56 -> 0 | C50: =IFERROR((((prelim!O56))),"") -> 0 | D50: =IFERROR((((prelim!R56))),"") | E50: =IFERROR((((D50+C50))),"") | F50: =IFERROR((ROUND(E50,0)),"") | G50: =IFERROR((((midterm!O56))),"") -> 0 | H50: =IFERROR((((midterm!R56))),"") | I50: =IFERROR((((H50+G50))),"") | J50: =IFERROR((ROUND(I50,0)),"") | K50: =IFERROR(((('semi-final'!O56))),"") -> 0 | L50: ='semi-final'!R56 | M50: =IFERROR((((K50+L50))),"") | N50: =IFERROR((ROUND(M50,0)),"") | O50: =IFERROR((((finals!M56+finals!P56))),"") | P50: =IFERROR((((finals!S56))),"") | Q50: =IFERROR((((P50+O50))),"") | R50: =IFERROR((ROUND(Q50,0)),"") | S50: =IFERROR(((ROUND(((F50+R50+J50+N50)/4),0))),"") | T50: =IF(S50<=74,"F","P") -> P
A51: NOTHING FOLLOWS
A53: SUBMITTED BY: | H53: REVIEWED BY:
A54: Rhenier Seril | H54: Jomer D. Pascua, MM
A56: FACULTY, (PUMMA) | H56: Dean PUMMA
A58: ISSUE STATUS | C58: REV. NO | E58: DATE | I58: APPROVED BY: | R58: PAGE NO
A59: 1 | C59: 1 | E59: 45677 | I59: PRESIDENT | R59: 1
